timestamp,label_end,actual,up,neutral,down,abstain,return_pct
1787778000000,1787792400000,1,0.43,0.33,0.24,false,0.2218764290432329
1787796000000,1787810400000,1,0.28,0.5,0.22,false,0.12669313760962364
1787814000000,1787828400000,0,0.38,0.41,0.21,false,0.5001000225335339
1787832000000,1787846400000,0,0.17,0.68,0.15,true,1.3769654289840894
1787850000000,1787864400000,1,0.51,0.3,0.19,false,-0.3213103724935329
1787868000000,1787882400000,1,0.21,0.45,0.34,false,-0.46959517558514685
1787886000000,1787900400000,1,0.17,0.68,0.15,true,-0.18854666705424572
1787904000000,1787918400000,1,0.16,0.68,0.16,true,-0.12037712296412151
1787922000000,1787936400000,2,0.16,0.68,0.16,true,-1.7979754026013262
1787940000000,1787954400000,1,0.16,0.68,0.16,true,0.2639322278670475
1787958000000,1787972400000,1,0.34,0.42,0.24,false,-0.4351033092567125
1787976000000,1787990400000,1,0.17,0.68,0.15,true,-0.019214693419389306
1787994000000,1788008400000,1,0.31,0.49,0.2,false,0.06992915133827715
1788012000000,1788026400000,1,0.5,0.34,0.16,false,0.18411992559832502
1788030000000,1788044400000,1,0.48,0.3,0.22,false,0.06140800458007689
1788048000000,1788062400000,1,0.33,0.43,0.24,false,-0.0896778275121024
1788066000000,1788080400000,1,0.36,0.42,0.22,false,-0.1634631088684113
1788084000000,1788098400000,0,0.16,0.68,0.16,true,0.8169654242757396
1788102000000,1788116400000,1,0.5,0.34,0.16,false,0.04157383281813143
1788120000000,1788134400000,2,0.16,0.68,0.16,true,-0.8400795345185008
1788138000000,1788152400000,1,0.16,0.68,0.16,true,0.4830828275756094
1788156000000,1788170400000,0,0.39,0.36,0.25,false,0.7889606714380104
1788174000000,1788188400000,1,0.16,0.68,0.16,true,0.33836244019858075
1788192000000,1788206400000,1,0.4,0.34,0.26,false,0.2863062450621179
1788210000000,1788224400000,2,0.22,0.46,0.32,false,-0.701215346220252
1788228000000,1788242400000,1,0.16,0.68,0.16,true,0.37654561842517253
1788246000000,1788260400000,2,0.16,0.68,0.16,true,-0.6783465893244633
1788264000000,1788278400000,2,0.17,0.68,0.15,true,-0.5230500329406196
1788282000000,1788296400000,1,0.16,0.68,0.16,true,-0.07049691719969164
1788300000000,1788314400000,1,0.3,0.46,0.24,false,0.07140821714723966
1788318000000,1788332400000,1,0.16,0.68,0.16,true,-0.115582716097129
1788336000000,1788350400000,1,0.15,0.68,0.17,true,-0.31257924917742486
1788354000000,1788368400000,1,0.16,0.68,0.16,true,0.30547273999947944
1788372000000,1788386400000,1,0.16,0.68,0.16,true,-0.44422324967793303
1788390000000,1788404400000,1,0.16,0.68,0.16,true,0.4758080584680524
1788408000000,1788422400000,1,0.17,0.68,0.15,true,0.08659484758726244
1788426000000,1788440400000,0,0.16,0.68,0.16,true,1.5786459490886084
1788444000000,1788458400000,0,0.18,0.68,0.14,true,0.8744261481413496
1788462000000,1788476400000,1,0.17,0.43,0.4,false,-0.5932818390856465
1788480000000,1788494400000,1,0.16,0.68,0.16,true,0.12156037430666178
1788498000000,1788512400000,1,0.19,0.49,0.32,false,0.07467021580656041
1788516000000,1788530400000,2,0.34,0.41,0.25,false,-2.7887903912852896
1788534000000,1788548400000,1,0.15,0.68,0.17,true,0.45828159446894556
1788552000000,1788566400000,1,0.16,0.68,0.16,true,-0.1551751677571933
1788570000000,1788584400000,1,0.16,0.68,0.16,true,0.055561604730791636
1788588000000,1788602400000,1,0.16,0.68,0.16,true,-0.03264526735908824
1788606000000,1788620400000,0,0.17,0.68,0.15,true,0.24710683891289165
1788624000000,1788638400000,2,0.48,0.37,0.15,false,-0.38000054721278875
1788642000000,1788656400000,1,0.16,0.68,0.16,true,0.056779201366796705
1788660000000,1788674400000,1,0.39,0.38,0.23,false,-0.1534653663596175
1788678000000,1788692400000,1,0.17,0.68,0.15,true,0.14346276433914174
1788696000000,1788710400000,2,0.16,0.68,0.16,true,-0.3003426839454981
1788714000000,1788728400000,1,0.16,0.68,0.16,true,0.24959452176140928
1788732000000,1788746400000,1,0.2,0.44,0.36,false,-0.22601910332347153
1788750000000,1788764400000,1,0.16,0.68,0.16,true,-0.24944601751989426
1788768000000,1788782400000,1,0.16,0.68,0.16,true,0.21331264786015325
1788786000000,1788800400000,1,0.31,0.49,0.2,false,-0.2095347313237239
1788804000000,1788818400000,1,0.17,0.68,0.15,true,-0.30804527745350585
1788822000000,1788836400000,1,0.16,0.68,0.16,true,-0.2600364040853509
1788840000000,1788854400000,1,0.15,0.68,0.17,true,-0.33134762013098396
1788858000000,1788872400000,2,0.32,0.45,0.23,false,-1.0161499200121882
1788876000000,1788890400000,1,0.17,0.68,0.15,true,-0.16739741816975684
1788894000000,1788908400000,1,0.16,0.68,0.16,true,0.012505419333730394
1788912000000,1788926400000,0,0.16,0.68,0.16,true,0.503766058780819
1788930000000,1788944400000,1,0.16,0.68,0.16,true,0.036212313631067694
1788948000000,1788962400000,1,0.16,0.68,0.16,true,0.048150019241011144
1788966000000,1788980400000,1,0.15,0.68,0.17,true,-0.4602737773977683
1788984000000,1788998400000,1,0.15,0.68,0.17,true,-0.18304717821738814
1789002000000,1789016400000,1,0.3,0.49,0.21,false,0.5668808657667945
1789020000000,1789034400000,2,0.16,0.68,0.16,true,-0.7049580819018852
1789038000000,1789052400000,2,0.29,0.3,0.41,false,-0.7587810172167142
1789056000000,1789070400000,1,0.16,0.68,0.16,true,0.0881865284974026
1789074000000,1789088400000,1,0.16,0.68,0.16,true,-0.2237114715711641
1789092000000,1789106400000,0,0.17,0.68,0.15,true,0.5977848656431917
1789110000000,1789124400000,1,0.16,0.68,0.16,true,-0.25194644098784913
1789128000000,1789142400000,1,0.16,0.68,0.16,true,-0.14991097353964644
1789146000000,1789160400000,1,0.28,0.33,0.39,false,-0.5494234787319141
1789164000000,1789178400000,1,0.17,0.68,0.15,true,0.1788723266364256
1789182000000,1789196400000,1,0.16,0.68,0.16,true,0.0018895251584494233
1789200000000,1789214400000,1,0.16,0.68,0.16,true,-0.02585315408479838
1789218000000,1789232400000,2,0.17,0.68,0.15,true,-0.20156005465929994
1789236000000,1789250400000,1,0.21,0.3,0.49,false,0.13116645706654495
1789254000000,1789268400000,1,0.16,0.68,0.16,true,-0.11221716505952495
1789272000000,1789286400000,2,0.17,0.68,0.15,true,-0.5132625307602612
1789290000000,1789304400000,1,0.17,0.3,0.53,false,0.05861368607438244
1789308000000,1789322400000,1,0.16,0.68,0.16,true,0.15911208051284653
1789326000000,1789340400000,2,0.16,0.68,0.16,true,-0.5719164934635201
1789344000000,1789358400000,0,0.21,0.36,0.43,false,1.1376027057594662
1789362000000,1789376400000,0,0.16,0.68,0.16,true,0.6826024757321303
1789380000000,1789394400000,0,0.15,0.68,0.17,true,0.7887007277046054
1789398000000,1789412400000,1,0.17,0.68,0.15,true,0.5141132342097565
1789416000000,1789430400000,2,0.16,0.68,0.16,true,-1.4501517067003866
1789434000000,1789448400000,1,0.29,0.3,0.41,false,-0.36944033113845975
1789452000000,1789466400000,1,0.27,0.33,0.4,false,-0.30135840948593007
1789470000000,1789484400000,2,0.17,0.68,0.15,true,-0.5562905437625942
1789488000000,1789502400000,1,0.34,0.43,0.23,false,-0.5927239104670856
1789506000000,1789520400000,1,0.27,0.34,0.39,false,0.04677031059381331
1789524000000,1789538400000,1,0.17,0.68,0.15,true,0.18929620553680415
1789542000000,1789556400000,1,0.33,0.47,0.2,false,0.6379854347468683
1789560000000,1789574400000,1,0.17,0.68,0.15,true,-0.26324248716366183
1789578000000,1789592400000,1,0.15,0.68,0.17,true,0.27127989869402125
1789596000000,1789610400000,0,0.17,0.68,0.15,true,0.9172407377357139
1789614000000,1789628400000,1,0.16,0.68,0.16,true,0.027157845163650052
1789632000000,1789646400000,1,0.16,0.68,0.16,true,0.21150608236695234
1789650000000,1789664400000,1,0.16,0.68,0.16,true,-0.034161706917068546
1789668000000,1789682400000,1,0.16,0.68,0.16,true,-0.20368008397412263
1789686000000,1789700400000,0,0.3,0.31,0.39,false,1.2647184180590187
1789704000000,1789718400000,0,0.17,0.68,0.15,true,0.8974040675992834
1789722000000,1789736400000,0,0.17,0.68,0.15,true,2.379545338311262
1789740000000,1789754400000,1,0.18,0.68,0.14,true,7.413097188102569E-4
1789758000000,1789772400000,1,0.38,0.35,0.27,false,-0.395173830305795
1789776000000,1789790400000,2,0.36,0.41,0.23,false,-0.7897612055689729
1789794000000,1789808400000,1,0.16,0.68,0.16,true,0.3526159485913283
1789812000000,1789826400000,0,0.35,0.41,0.24,false,0.4547093818501047
1789830000000,1789844400000,2,0.48,0.3,0.22,false,-0.34543579481652875
1789848000000,1789862400000,1,0.16,0.68,0.16,true,0.17009357241231093
1789866000000,1789880400000,2,0.15,0.68,0.17,true,-0.7443956694369813
1789884000000,1789898400000,1,0.15,0.68,0.17,true,0.012613708598441242
1789902000000,1789916400000,0,0.23,0.44,0.33,false,0.5202799093240174
1789920000000,1789934400000,1,0.53,0.3,0.17,false,-0.2977352278585421
